,value
Prints,103631
Photographs,35188
Drawings,29579
Textiles,29442
Ceramics,24441
Vases,20531
Books,14037
Paintings,11342
Metalwork,10553
Glass,8234
Sculpture,6170
Negatives,6162
Wood,3239
Sword,3236
Stone,3136
|,3064
Silver,2417
Ornament,2245
Medals,2174
Woodwork,2167
Jewelry,2016
Ornaments,1966
Miscellaneous,1927
Furniture,1837
Stucco,1793
Aerophone,1767
Metal,1569
Gems,1535
Terracottas,1534
Jade,1358
Codices,1337
Bronzes,1276
Armor,1219
Chordophone,1214
Albums,1124
Idiophone,1021
Coins,1007
